year,country_code,event_type,total
1997,AGO,14,44
1997,AGO,18,51
1997,AGO,19,166
1997,BDI,14,2
1997,BDI,18,93
1997,BDI,19,106
1997,BEN,14,2
1997,BFA,14,4
1997,BWA,14,1
1997,CAF,14,10
1997,CAF,18,5
1997,CAF,19,22
1997,CIV,14,11
1997,CIV,18,2
1997,CIV,19,1
1997,CMR,14,1
1997,CMR,18,2
1997,CMR,19,11
1997,COD,14,31
1997,COD,18,45
1997,COD,19,102
1997,COG,14,7
1997,COG,18,9
1997,COG,19,66
1997,DJI,19,1
1997,DZA,18,115
1997,DZA,19,26
1997,EGY,14,8
1997,EGY,18,12
1997,EGY,19,20
1997,ERI,19,2
1997,ETH,14,2
1997,ETH,18,7
1997,ETH,19,12
1997,GAB,19,1
1997,GHA,14,2
1997,GHA,19,3
1997,GMB,14,1
1997,GMB,18,1
1997,GMB,19,1
1997,GNB,14,2
1997,GNQ,18,3
1997,KEN,14,45
1997,KEN,18,49
1997,KEN,19,47
1997,LBR,14,2
1997,LBR,18,1
1997,LBR,19,10
1997,LBY,18,2
1997,LSO,14,1
1997,LSO,18,1
1997,LSO,19,2
1997,MAR,14,4
1997,MAR,18,5
1997,MAR,19,1
1997,MDG,14,1
1997,MDG,19,4
1997,MLI,14,12
1997,MLI,18,1
1997,MLI,19,1
1997,MOZ,14,10
1997,MOZ,18,2
1997,MRT,14,4
1997,MRT,19,1
1997,MWI,14,1
1997,NAM,14,8
1997,NER,14,10
1997,NER,18,7
1997,NER,19,10
1997,NGA,14,31
1997,NGA,18,30
1997,NGA,19,78
1997,RWA,14,5
1997,RWA,18,87
1997,RWA,19,31
1997,SDN,14,20
1997,SDN,18,18
1997,SDN,19,209
1997,SEN,14,4
1997,SEN,18,16
1997,SEN,19,31
1997,SLE,18,260
1997,SLE,19,257
1997,SOM,18,16
1997,SOM,19,14
1997,SWZ,14,5
1997,TCD,14,1
1997,TCD,18,9
1997,TCD,19,3
1997,TGO,14,7
1997,TGO,18,2
1997,TZA,18,4
1997,TZA,19,1
1997,UGA,14,1
1997,UGA,18,25
1997,UGA,19,64
1997,ZAF,14,50
1997,ZAF,18,16
1997,ZAF,19,11
1997,ZMB,14,9
1997,ZMB,18,2
1997,ZMB,19,1
1997,ZWE,14,19
1997,ZWE,18,2
1998,AGO,14,3
1998,AGO,18,105
1998,AGO,19,350
1998,BDI,14,2
1998,BDI,18,58
1998,BDI,19,51
1998,BEN,14,2
1998,BEN,18,1
1998,BFA,14,2
1998,BFA,18,1
1998,BWA,14,1
1998,CAF,14,8
1998,CAF,18,1
1998,CAF,19,7
1998,CIV,14,8
1998,CIV,18,5
1998,CIV,19,1
1998,CMR,14,1
1998,CMR,18,2
1998,CMR,19,3
1998,COD,14,8
1998,COD,18,30
1998,COD,19,217
1998,COG,14,1
1998,COG,18,15
1998,COG,19,22
1998,DJI,19,2
1998,DZA,14,1
1998,DZA,18,20
1998,DZA,19,27
1998,EGY,14,8
1998,EGY,18,4
1998,EGY,19,6
1998,ERI,14,1
1998,ERI,18,33
1998,ERI,19,24
1998,ETH,14,1
1998,ETH,18,16
1998,ETH,19,37
1998,GAB,14,2
1998,GHA,14,3
1998,GHA,19,1
1998,GIN,14,17
1998,GIN,18,9
1998,GIN,19,3
1998,GMB,14,1
1998,GNB,18,1
1998,GNB,19,63
1998,GNQ,18,1
1998,GNQ,19,1
1998,KEN,14,89
1998,KEN,18,57
1998,KEN,19,31
1998,LBR,14,7
1998,LBR,18,9
1998,LBR,19,7
1998,LBY,14,5
1998,LBY,18,4
1998,LBY,19,1
1998,LSO,14,11
1998,LSO,18,7
1998,LSO,19,15
1998,MAR,14,11
1998,MAR,18,2
1998,MDG,14,3
1998,MLI,18,1
1998,MLI,19,2
1998,MOZ,18,1
1998,MRT,14,1
1998,MWI,14,2
1998,MWI,18,3
1998,NAM,14,4
1998,NER,14,7
1998,NER,18,4
1998,NER,19,29
1998,NGA,14,50
1998,NGA,18,45
1998,NGA,19,51
1998,RWA,14,1
1998,RWA,18,58
1998,RWA,19,78
1998,SDN,14,13
1998,SDN,18,20
1998,SDN,19,221
1998,SEN,14,4
1998,SEN,18,15
1998,SEN,19,15
1998,SLE,18,509
1998,SLE,19,312
1998,SOM,18,10
1998,SOM,19,16
1998,SWZ,19,4
1998,TCD,14,1
1998,TCD,18,7
1998,TCD,19,4
1998,TGO,14,5
1998,TGO,18,7
1998,TGO,19,1
1998,TUN,14,2
1998,TZA,14,2
1998,TZA,18,2
1998,TZA,19,1
1998,UGA,14,3
1998,UGA,18,119
1998,UGA,19,173
1998,ZAF,14,49
1998,ZAF,18,24
1998,ZAF,19,10
1998,ZMB,14,13
1998,ZMB,18,1
1998,ZWE,14,78
1998,ZWE,18,7
1999,AGO,14,14
1999,AGO,18,94
1999,AGO,19,1230
1999,BDI,18,88
1999,BDI,19,75
1999,BEN,14,1
1999,BEN,18,1
1999,BFA,14,27
1999,BFA,18,2
1999,BFA,19,2
1999,CAF,14,4
1999,CAF,18,3
1999,CAF,19,5
1999,CIV,14,59
1999,CIV,18,4
1999,CIV,19,8
1999,CMR,14,1
1999,CMR,19,1
1999,COD,14,15
1999,COD,18,49
1999,COD,19,391
1999,COG,14,3
1999,COG,18,14
1999,COG,19,51
1999,DJI,14,4
1999,DJI,19,3
1999,DZA,18,25
1999,DZA,19,38
1999,EGY,14,5
1999,EGY,18,2
1999,EGY,19,3
1999,ERI,14,1
1999,ERI,18,12
1999,ERI,19,136
1999,ETH,18,12
1999,ETH,19,61
1999,GAB,14,1
1999,GAB,18,1
1999,GAB,19,1
1999,GHA,14,2
1999,GIN,14,3
1999,GIN,18,19
1999,GIN,19,15
1999,GMB,19,1
1999,GNB,14,4
1999,GNB,18,2
1999,GNB,19,12
1999,KEN,14,60
1999,KEN,18,51
1999,KEN,19,78
1999,LBR,14,3
1999,LBR,18,9
1999,LBR,19,28
1999,LSO,14,2
1999,LSO,18,1
1999,LSO,19,1
1999,MAR,14,15
1999,MDG,14,1
1999,MLI,14,1
1999,MLI,18,2
1999,MLI,19,7
1999,MOZ,14,3
1999,MOZ,18,1
1999,MRT,14,1
1999,MRT,18,1
1999,MRT,19,1
1999,MWI,14,2
1999,NAM,18,6
1999,NAM,19,36
1999,NER,14,5
1999,NER,18,3
1999,NER,19,2
1999,NGA,14,58
1999,NGA,18,48
1999,NGA,19,94
1999,RWA,14,3
1999,RWA,18,5
1999,RWA,19,5
1999,SDN,14,20
1999,SDN,18,29
1999,SDN,19,160
1999,SEN,14,7
1999,SEN,18,11
1999,SEN,19,15
1999,SLE,18,243
1999,SLE,19,216
1999,SOM,18,26
1999,SOM,19,50
1999,SWZ,19,2
1999,TCD,18,1
1999,TCD,19,9
1999,TGO,14,1
1999,TGO,18,2
1999,TUN,14,3
1999,TZA,18,3
1999,TZA,19,4
1999,UGA,14,3
1999,UGA,18,118
1999,UGA,19,119
1999,ZAF,14,31
1999,ZAF,18,21
1999,ZAF,19,18
1999,ZMB,14,2
1999,ZMB,18,5
1999,ZMB,19,4
1999,ZWE,14,26
1999,ZWE,18,15
1999,ZWE,19,1
2000,AGO,14,7
2000,AGO,18,74
2000,AGO,19,237
2000,BDI,14,7
2000,BDI,18,139
2000,BDI,19,344
2000,BEN,14,1
2000,BFA,14,20
2000,BFA,18,1
2000,BFA,19,1
2000,BWA,14,1
2000,CAF,14,9
2000,CAF,18,5
2000,CIV,14,64
2000,CIV,18,36
2000,CIV,19,32
2000,CMR,14,4
2000,CMR,18,4
2000,COD,14,3
2000,COD,18,35
2000,COD,19,168
2000,COG,18,1
2000,COG,19,5
2000,DJI,19,1
2000,DZA,14,2
2000,DZA,18,61
2000,DZA,19,107
2000,EGY,14,33
2000,EGY,18,6
2000,EGY,19,9
2000,ERI,14,4
2000,ERI,18,2
2000,ERI,19,61
2000,ETH,14,10
2000,ETH,18,2
2000,ETH,19,122
2000,GAB,14,2
2000,GHA,14,3
2000,GHA,18,2
2000,GHA,19,5
2000,GIN,14,15
2000,GIN,18,74
2000,GIN,19,69
2000,GMB,14,3
2000,GMB,18,4
2000,GMB,19,2
2000,GNB,14,2
2000,GNB,18,1
2000,GNB,19,5
2000,GNQ,14,1
2000,GNQ,18,1
2000,KEN,14,53
2000,KEN,18,72
2000,KEN,19,63
2000,LBR,14,3
2000,LBR,18,27
2000,LBR,19,53
2000,LBY,14,3
2000,LBY,18,2
2000,LSO,14,2
2000,MAR,14,15
2000,MAR,18,1
2000,MDG,14,2
2000,MDG,18,1
2000,MDG,19,1
2000,MLI,14,1
2000,MLI,18,3
2000,MOZ,14,7
2000,MOZ,18,5
2000,MRT,14,4
2000,MWI,14,8
2000,MWI,18,7
2000,MWI,19,1
2000,NAM,14,2
2000,NAM,18,39
2000,NAM,19,24
2000,NER,14,9
2000,NER,18,1
2000,NGA,14,32
2000,NGA,18,38
2000,NGA,19,89
2000,RWA,18,13
2000,RWA,19,5
2000,SDN,14,24
2000,SDN,18,19
2000,SDN,19,187
2000,SEN,14,36
2000,SEN,18,15
2000,SEN,19,34
2000,SLE,14,1
2000,SLE,18,74
2000,SLE,19,164
2000,SOM,18,45
2000,SOM,19,45
2000,SWZ,14,6
2000,TCD,18,3
2000,TCD,19,17
2000,TGO,14,2
2000,TGO,18,1
2000,TUN,14,5
2000,TZA,14,2
2000,TZA,18,6
2000,TZA,19,8
2000,UGA,14,1
2000,UGA,18,103
2000,UGA,19,137
2000,ZAF,14,54
2000,ZAF,18,17
2000,ZAF,19,19
2000,ZMB,14,4
2000,ZMB,18,9
2000,ZMB,19,5
2000,ZWE,14,16
2000,ZWE,18,263
2000,ZWE,19,7
2001,AGO,14,6
2001,AGO,18,118
2001,AGO,19,189
2001,BDI,14,4
2001,BDI,18,227
2001,BDI,19,374
2001,BEN,18,3
2001,BFA,14,4
2001,CAF,14,2
2001,CAF,18,15
2001,CAF,19,19
2001,CIV,14,12
2001,CIV,18,7
2001,CIV,19,14
2001,CMR,14,4
2001,CMR,18,1
2001,COD,14,26
2001,COD,18,67
2001,COD,19,186
2001,COG,18,1
2001,COG,19,4
2001,DJI,14,1
2001,DZA,14,112
2001,DZA,18,47
2001,DZA,19,90
2001,EGY,14,21
2001,EGY,18,3
2001,EGY,19,2
2001,ERI,19,3
2001,ETH,14,12
2001,ETH,18,9
2001,ETH,19,34
2001,GAB,14,3
2001,GAB,18,1
2001,GHA,14,2
2001,GHA,18,5
2001,GHA,19,1
2001,GIN,14,13
2001,GIN,18,20
2001,GIN,19,36
2001,GMB,14,8
2001,GMB,18,5
2001,GMB,19,2
2001,GNB,19,2
2001,GNQ,18,1
2001,KEN,14,25
2001,KEN,18,43
2001,KEN,19,94
2001,LBR,14,3
2001,LBR,18,35
2001,LBR,19,137
2001,LBY,14,3
2001,LSO,14,2
2001,MAR,14,5
2001,MAR,18,2
2001,MDG,14,6
2001,MLI,14,1
2001,MLI,18,2
2001,MLI,19,2
2001,MOZ,14,13
2001,MRT,14,1
2001,MWI,14,10
2001,MWI,18,10
2001,MWI,19,1
2001,NAM,14,2
2001,NAM,18,12
2001,NAM,19,5
2001,NER,14,6
2001,NER,18,2
2001,NER,19,1
2001,NGA,14,25
2001,NGA,18,43
2001,NGA,19,46
2001,RWA,18,4
2001,RWA,19,23
2001,SDN,14,27
2001,SDN,18,24
2001,SDN,19,171
2001,SEN,14,6
2001,SEN,18,21
2001,SEN,19,32
2001,SLE,18,12
2001,SLE,19,46
2001,SOM,18,23
2001,SOM,19,37
2001,SWZ,14,1
2001,SWZ,18,1
2001,TCD,18,4
2001,TCD,19,6
2001,TGO,14,4
2001,TUN,18,3
2001,TZA,14,12
2001,TZA,18,13
2001,TZA,19,8
2001,UGA,14,6
2001,UGA,18,47
2001,UGA,19,63
2001,ZAF,14,86
2001,ZAF,18,12
2001,ZAF,19,3
2001,ZMB,14,8
2001,ZMB,18,10
2001,ZWE,14,15
2001,ZWE,18,294
2001,ZWE,19,1
2002,AGO,14,2
2002,AGO,18,6
2002,AGO,19,18
2002,BDI,14,6
2002,BDI,18,166
2002,BDI,19,268
2002,BEN,14,1
2002,BFA,14,1
2002,BFA,18,5
2002,CAF,14,10
2002,CAF,18,18
2002,CAF,19,35
2002,CIV,14,12
2002,CIV,18,27
2002,CIV,19,92
2002,CMR,14,1
2002,CMR,18,1
2002,COD,14,10
2002,COD,18,75
2002,COD,19,238
2002,COG,18,13
2002,COG,19,29
2002,DJI,19,1
2002,DZA,14,53
2002,DZA,18,72
2002,DZA,19,136
2002,EGY,14,49
2002,EGY,19,1
2002,ERI,18,1
2002,ETH,14,14
2002,ETH,18,36
2002,ETH,19,182
2002,GAB,18,1
2002,GHA,18,1
2002,GHA,19,6
2002,GIN,18,9
2002,GIN,19,2
2002,GMB,14,4
2002,GMB,18,9
2002,GNB,14,1
2002,GNB,18,1
2002,GNQ,18,1
2002,KEN,14,62
2002,KEN,18,88
2002,KEN,19,59
2002,LBR,14,5
2002,LBR,18,14
2002,LBR,19,124
2002,LBY,14,4
2002,LBY,18,1
2002,LSO,18,2
2002,MAR,14,7
2002,MAR,18,1
2002,MAR,19,1
2002,MDG,14,85
2002,MDG,18,13
2002,MDG,19,4
2002,MLI,14,1
2002,MLI,18,1
2002,MOZ,18,2
2002,MRT,14,3
2002,MWI,14,3
2002,MWI,18,6
2002,MWI,19,2
2002,NAM,14,1
2002,NAM,18,2
2002,NAM,19,3
2002,NER,14,4
2002,NER,18,3
2002,NER,19,34
2002,NGA,14,22
2002,NGA,18,61
2002,NGA,19,69
2002,RWA,14,1
2002,RWA,18,1
2002,RWA,19,2
2002,SDN,14,18
2002,SDN,18,87
2002,SDN,19,231
2002,SEN,14,2
2002,SEN,18,17
2002,SEN,19,21
2002,SLE,14,2
2002,SLE,18,2
2002,SOM,18,28
2002,SOM,19,80
2002,SWZ,14,4
2002,TCD,18,1
2002,TCD,19,14
2002,TGO,14,3
2002,TUN,14,2
2002,TUN,19,2
2002,TZA,14,4
2002,TZA,18,13
2002,TZA,19,2
2002,UGA,14,9
2002,UGA,18,214
2002,UGA,19,238
2002,ZAF,14,90
2002,ZAF,18,9
2002,ZAF,19,9
2002,ZMB,14,1
2002,ZMB,18,3
2002,ZWE,14,15
2002,ZWE,18,681
2002,ZWE,19,4
2003,AGO,14,4
2003,AGO,19,2
2003,BDI,18,123
2003,BDI,19,94
2003,BEN,14,1
2003,BEN,18,1
2003,BFA,18,1
2003,BWA,14,1
2003,CAF,14,8
2003,CAF,18,19
2003,CAF,19,37
2003,CIV,14,36
2003,CIV,18,49
2003,CIV,19,84
2003,CMR,14,1
2003,CMR,18,2
2003,CMR,19,1
2003,COD,14,6
2003,COD,18,52
2003,COD,19,224
2003,COG,18,1
2003,COG,19,2
2003,DJI,14,1
2003,DZA,14,53
2003,DZA,18,45
2003,DZA,19,109
2003,EGY,14,2
2003,ERI,18,4
2003,ERI,19,3
2003,ETH,14,1
2003,ETH,18,12
2003,ETH,19,103
2003,GHA,14,6
2003,GHA,18,7
2003,GHA,19,3
2003,GIN,14,7
2003,GIN,19,1
2003,GMB,14,10
2003,GMB,18,2
2003,GMB,19,1
2003,GNB,14,2
2003,GNB,18,1
2003,GNB,19,2
2003,GNQ,18,1
2003,KEN,14,83
2003,KEN,18,43
2003,KEN,19,35
2003,LBR,14,2
2003,LBR,18,40
2003,LBR,19,196
2003,LBY,18,2
2003,LSO,14,2
2003,LSO,19,1
2003,MAR,14,7
2003,MAR,18,3
2003,MAR,19,1
2003,MDG,14,16
2003,MDG,18,1
2003,MDG,19,1
2003,MLI,18,1
2003,MLI,19,2
2003,MOZ,14,14
2003,MOZ,18,13
2003,MRT,14,5
2003,MRT,18,3
2003,MRT,19,3
2003,MWI,14,8
2003,MWI,18,4
2003,NAM,14,11
2003,NAM,18,2
2003,NER,14,3
2003,NER,19,3
2003,NGA,14,23
2003,NGA,18,84
2003,NGA,19,91
2003,RWA,18,3
2003,SDN,14,12
2003,SDN,18,91
2003,SDN,19,108
2003,SEN,14,3
2003,SEN,18,9
2003,SEN,19,6
2003,SLE,14,9
2003,SLE,19,7
2003,SOM,18,101
2003,SOM,19,283
2003,SWZ,14,6
2003,SWZ,18,2
2003,SWZ,19,1
2003,TCD,14,1
2003,TCD,18,5
2003,TCD,19,12
2003,TGO,14,2
2003,TGO,18,2
2003,TUN,14,2
2003,TUN,18,1
2003,TZA,14,5
2003,TZA,19,3
2003,UGA,14,13
2003,UGA,18,338
2003,UGA,19,308
2003,ZAF,14,84
2003,ZAF,18,6
2003,ZAF,19,2
2003,ZMB,14,26
2003,ZMB,18,8
2003,ZWE,14,16
2003,ZWE,18,318
2003,ZWE,19,4
2004,AGO,14,3
2004,AGO,18,3
2004,AGO,19,1
2004,BDI,14,1
2004,BDI,18,22
2004,BDI,19,52
2004,BEN,14,1
2004,BEN,19,1
2004,BFA,14,1
2004,BFA,18,1
2004,BFA,19,2
2004,BWA,14,6
2004,CAF,14,12
2004,CAF,18,10
2004,CAF,19,10
2004,CIV,14,44
2004,CIV,18,27
2004,CIV,19,30
2004,CMR,14,11
2004,CMR,18,3
2004,COD,14,31
2004,COD,18,51
2004,COD,19,131
2004,COG,14,2
2004,COG,18,4
2004,COG,19,1
2004,DJI,19,1
2004,DZA,14,53
2004,DZA,18,22
2004,DZA,19,66
2004,EGY,19,1
2004,ERI,18,3
2004,ERI,19,2
2004,ETH,14,11
2004,ETH,18,10
2004,ETH,19,103
2004,GAB,14,3
2004,GHA,14,2
2004,GHA,18,4
2004,GHA,19,1
2004,GIN,14,8
2004,GIN,18,1
2004,GIN,19,1
2004,GMB,14,2
2004,GMB,18,3
2004,GNB,14,2
2004,GNB,19,2
2004,GNQ,14,1
2004,GNQ,18,1
2004,GNQ,19,1
2004,KEN,14,89
2004,KEN,18,35
2004,KEN,19,20
2004,LBR,14,4
2004,LBR,18,11
2004,LBR,19,6
2004,LBY,14,1
2004,LBY,18,5
2004,LSO,18,1
2004,MAR,14,4
2004,MAR,18,1
2004,MAR,19,1
2004,MDG,14,5
2004,MDG,18,2
2004,MDG,19,15
2004,MLI,18,1
2004,MLI,19,2
2004,MOZ,14,8
2004,MOZ,18,22
2004,MOZ,19,1
2004,MRT,14,2
2004,MWI,14,3
2004,MWI,18,2
2004,NAM,14,2
2004,NER,14,2
2004,NER,18,3
2004,NER,19,12
2004,NGA,14,81
2004,NGA,18,96
2004,NGA,19,98
2004,RWA,18,1
2004,RWA,19,1
2004,SDN,14,6
2004,SDN,18,312
2004,SDN,19,227
2004,SEN,14,3
2004,SEN,19,7
2004,SLE,14,4
2004,SLE,18,5
2004,SLE,19,5
2004,SOM,14,4
2004,SOM,18,124
2004,SOM,19,208
2004,SWZ,14,2
2004,TCD,14,1
2004,TCD,18,21
2004,TCD,19,23
2004,TGO,14,3
2004,TUN,14,3
2004,TUN,18,2
2004,TZA,14,6
2004,TZA,18,16
2004,TZA,19,10
2004,UGA,14,11
2004,UGA,18,106
2004,UGA,19,219
2004,ZAF,14,62
2004,ZAF,18,16
2004,ZAF,19,8
2004,ZMB,14,23
2004,ZMB,18,8
2004,ZWE,14,13
2004,ZWE,18,304
2004,ZWE,19,7
2005,AGO,14,1
2005,AGO,19,2
2005,BDI,18,39
2005,BDI,19,32
2005,BEN,14,2
2005,BFA,14,6
2005,BWA,14,3
2005,CAF,14,2
2005,CAF,18,5
2005,CAF,19,11
2005,CIV,14,8
2005,CIV,18,19
2005,CIV,19,16
2005,CMR,14,2
2005,CMR,18,3
2005,CMR,19,13
2005,COD,14,31
2005,COD,18,99
2005,COD,19,135
2005,COG,14,2
2005,COG,18,4
2005,COG,19,4
2005,DJI,14,2
2005,DZA,14,25
2005,DZA,18,10
2005,DZA,19,68
2005,EGY,14,31
2005,EGY,18,8
2005,EGY,19,4
2005,ERI,18,1
2005,ERI,19,1
2005,ETH,14,37
2005,ETH,18,16
2005,ETH,19,73
2005,GAB,14,1
2005,GHA,18,2
2005,GHA,19,1
2005,GIN,14,7
2005,GIN,18,1
2005,GIN,19,6
2005,GMB,14,1
2005,GMB,18,3
2005,GNB,14,12
2005,GNB,19,1
2005,GNQ,14,2
2005,KEN,14,41
2005,KEN,18,73
2005,KEN,19,45
2005,LBR,14,10
2005,LBR,18,15
2005,LBR,19,1
2005,LBY,14,6
2005,LBY,18,1
2005,MAR,14,15
2005,MAR,18,2
2005,MDG,14,5
2005,MDG,18,3
2005,MDG,19,3
2005,MLI,14,1
2005,MLI,19,1
2005,MOZ,14,12
2005,MOZ,18,7
2005,MOZ,19,1
2005,MRT,14,3
2005,MRT,18,2
2005,MRT,19,3
2005,MWI,14,4
2005,MWI,18,2
2005,NAM,14,1
2005,NER,14,5
2005,NER,18,2
2005,NER,19,2
2005,NGA,14,97
2005,NGA,18,49
2005,NGA,19,49
2005,RWA,18,3
2005,SDN,14,19
2005,SDN,18,182
2005,SDN,19,123
2005,SEN,14,10
2005,SEN,19,1
2005,SLE,14,4
2005,SLE,18,1
2005,SOM,14,51
2005,SOM,18,169
2005,SOM,19,181
2005,SWZ,14,1
2005,SWZ,18,2
2005,SWZ,19,1
2005,TCD,14,6
2005,TCD,18,19
2005,TCD,19,14
2005,TGO,14,20
2005,TGO,18,1
2005,TGO,19,4
2005,TUN,14,1
2005,TUN,18,1
2005,TZA,14,36
2005,TZA,18,25
2005,TZA,19,5
2005,UGA,14,15
2005,UGA,18,78
2005,UGA,19,181
2005,ZAF,14,87
2005,ZAF,18,5
2005,ZAF,19,1
2005,ZMB,14,55
2005,ZMB,18,6
2005,ZWE,14,55
2005,ZWE,18,216
2006,AGO,14,2
2006,AGO,18,1
2006,AGO,19,2
2006,BDI,14,2
2006,BDI,18,39
2006,BDI,19,66
2006,BEN,14,1
2006,BFA,14,3
2006,BFA,18,1
2006,BFA,19,4
2006,BWA,14,2
2006,CAF,14,8
2006,CAF,18,13
2006,CAF,19,33
2006,CIV,14,13
2006,CIV,18,7
2006,CIV,19,8
2006,CMR,14,1
2006,CMR,18,2
2006,CMR,19,3
2006,COD,14,2
2006,COD,18,91
2006,COD,19,214
2006,COG,18,1
2006,DJI,14,1
2006,DJI,18,2
2006,DZA,14,17
2006,DZA,18,32
2006,DZA,19,146
2006,EGY,14,3
2006,EGY,19,1
2006,ERI,18,1
2006,ERI,19,2
2006,ETH,14,42
2006,ETH,18,17
2006,ETH,19,29
2006,GAB,14,2
2006,GAB,18,2
2006,GHA,18,2
2006,GHA,19,1
2006,GIN,14,6
2006,GMB,14,1
2006,GMB,18,3
2006,GMB,19,1
2006,GNB,14,3
2006,GNB,18,1
2006,GNB,19,16
2006,GNQ,18,1
2006,KEN,14,54
2006,KEN,18,53
2006,KEN,19,33
2006,LBR,14,6
2006,LBR,18,10
2006,LBR,19,5
2006,LBY,14,7
2006,LSO,18,3
2006,MAR,14,13
2006,MAR,19,1
2006,MDG,14,5
2006,MDG,18,2
2006,MDG,19,3
2006,MLI,19,7
2006,MOZ,18,4
2006,MOZ,19,3
2006,MRT,14,3
2006,MWI,14,5
2006,MWI,18,1
2006,NAM,14,12
2006,NER,14,6
2006,NER,18,2
2006,NGA,14,21
2006,NGA,18,41
2006,NGA,19,58
2006,RWA,14,2
2006,RWA,18,6
2006,RWA,19,1
2006,SDN,14,10
2006,SDN,18,106
2006,SDN,19,83
2006,SEN,14,5
2006,SEN,18,6
2006,SEN,19,16
2006,SLE,19,1
2006,SOM,14,109
2006,SOM,18,111
2006,SOM,19,255
2006,SWZ,14,2
2006,SWZ,18,1
2006,SWZ,19,1
2006,TCD,18,36
2006,TCD,19,74
2006,TGO,14,1
2006,TUN,19,1
2006,TZA,14,8
2006,TZA,18,4
2006,TZA,19,4
2006,UGA,14,9
2006,UGA,18,146
2006,UGA,19,120
2006,ZAF,14,36
2006,ZAF,18,3
2006,ZAF,19,7
2006,ZMB,14,53
2006,ZMB,18,20
2006,ZMB,19,2
2006,ZWE,14,27
2006,ZWE,18,92
2006,ZWE,19,2
2007,AGO,14,2
2007,AGO,18,7
2007,AGO,19,5
2007,BDI,14,1
2007,BDI,18,11
2007,BDI,19,16
2007,BEN,18,2
2007,BEN,19,1
2007,BFA,14,1
2007,BWA,14,1
2007,BWA,18,1
2007,CAF,14,2
2007,CAF,18,55
2007,CAF,19,38
2007,CIV,14,2
2007,CIV,18,1
2007,CIV,19,3
2007,CMR,14,3
2007,CMR,18,5
2007,CMR,19,12
2007,COD,14,17
2007,COD,18,51
2007,COD,19,162
2007,COG,14,1
2007,COG,18,1
2007,COG,19,1
2007,DJI,18,1
2007,DZA,14,4
2007,DZA,18,11
2007,DZA,19,289
2007,EGY,14,2
2007,EGY,18,1
2007,ERI,18,1
2007,ERI,19,3
2007,ETH,14,1
2007,ETH,18,5
2007,ETH,19,34
2007,GHA,18,1
2007,GHA,19,4
2007,GIN,14,44
2007,GIN,18,1
2007,GMB,14,1
2007,GMB,18,1
2007,GNB,14,2
2007,GNQ,18,2
2007,KEN,14,165
2007,KEN,18,141
2007,KEN,19,114
2007,LBR,14,4
2007,LBR,18,4
2007,LBR,19,1
2007,LBY,18,1
2007,LSO,18,1
2007,MAR,14,11
2007,MAR,18,1
2007,MAR,19,3
2007,MDG,14,13
2007,MDG,18,3
2007,MDG,19,1
2007,MLI,18,1
2007,MLI,19,8
2007,MOZ,14,1
2007,MOZ,18,4
2007,MOZ,19,4
2007,MRT,14,2
2007,MRT,18,1
2007,MRT,19,2
2007,MWI,14,5
2007,MWI,18,1
2007,NAM,14,15
2007,NAM,18,2
2007,NAM,19,1
2007,NER,14,4
2007,NER,18,8
2007,NER,19,19
2007,NGA,14,14
2007,NGA,18,115
2007,NGA,19,63
2007,RWA,14,1
2007,RWA,18,18
2007,RWA,19,1
2007,SDN,14,1
2007,SDN,18,63
2007,SDN,19,67
2007,SEN,14,6
2007,SEN,18,7
2007,SEN,19,11
2007,SLE,14,3
2007,SLE,18,1
2007,SLE,19,2
2007,SOM,14,71
2007,SOM,18,377
2007,SOM,19,891
2007,SWZ,14,3
2007,TCD,14,1
2007,TCD,18,37
2007,TCD,19,64
2007,TGO,14,1
2007,TUN,19,1
2007,TZA,18,5
2007,TZA,19,1
2007,UGA,14,24
2007,UGA,18,30
2007,UGA,19,39
2007,ZAF,14,170
2007,ZAF,18,11
2007,ZAF,19,5
2007,ZMB,14,108
2007,ZMB,18,15
2007,ZMB,19,4
2007,ZWE,14,62
2007,ZWE,18,144
2007,ZWE,19,3
2008,AGO,18,10
2008,BDI,14,3
2008,BDI,18,25
2008,BDI,19,52
2008,BEN,14,1
2008,BFA,14,7
2008,BFA,19,5
2008,BWA,14,1
2008,BWA,18,1
2008,CAF,14,1
2008,CAF,18,59
2008,CAF,19,23
2008,CIV,14,8
2008,CIV,18,7
2008,CIV,19,7
2008,CMR,14,9
2008,CMR,18,4
2008,CMR,19,10
2008,COD,14,10
2008,COD,18,114
2008,COD,19,285
2008,DJI,18,1
2008,DJI,19,1
2008,DZA,14,20
2008,DZA,18,18
2008,DZA,19,170
2008,EGY,14,45
2008,EGY,18,22
2008,EGY,19,14
2008,ERI,18,4
2008,ERI,19,12
2008,ETH,14,1
2008,ETH,18,17
2008,ETH,19,94
2008,GAB,14,1
2008,GAB,18,1
2008,GHA,14,2
2008,GHA,18,5
2008,GHA,19,4
2008,GIN,14,6
2008,GIN,18,1
2008,GIN,19,8
2008,GMB,18,2
2008,GMB,19,1
2008,GNB,19,2
2008,GNQ,14,1
2008,GNQ,18,1
2008,KEN,14,184
2008,KEN,18,158
2008,KEN,19,103
2008,LBR,14,6
2008,LBR,18,6
2008,LBR,19,2
2008,LBY,14,2
2008,LBY,18,1
2008,LBY,19,2
2008,LSO,14,1
2008,MAR,14,8
2008,MAR,18,1
2008,MDG,19,1
2008,MLI,18,3
2008,MLI,19,18
2008,MOZ,14,13
2008,MOZ,18,6
2008,MOZ,19,1
2008,MRT,14,9
2008,MRT,18,1
2008,MRT,19,6
2008,MWI,14,3
2008,MWI,18,3
2008,NAM,14,15
2008,NAM,18,4
2008,NAM,19,1
2008,NER,14,6
2008,NER,18,6
2008,NER,19,16
2008,NGA,14,12
2008,NGA,18,75
2008,NGA,19,97
2008,RWA,14,6
2008,RWA,18,3
2008,RWA,19,3
2008,SDN,14,13
2008,SDN,18,106
2008,SDN,19,175
2008,SEN,14,9
2008,SEN,18,9
2008,SEN,19,2
2008,SLE,14,4
2008,SLE,18,7
2008,SLE,19,3
2008,SOM,14,66
2008,SOM,18,347
2008,SOM,19,1012
2008,SWZ,14,7
2008,SWZ,19,3
2008,TCD,14,1
2008,TCD,18,8
2008,TCD,19,64
2008,TGO,18,1
2008,TUN,14,28
2008,TUN,18,1
2008,TZA,14,12
2008,TZA,18,11
2008,TZA,19,2
2008,UGA,14,24
2008,UGA,18,35
2008,UGA,19,28
2008,ZAF,14,217
2008,ZAF,18,11
2008,ZAF,19,6
2008,ZMB,14,18
2008,ZMB,18,4
2008,ZWE,14,36
2008,ZWE,18,695
2008,ZWE,19,6
2009,AGO,14,2
2009,AGO,18,10
2009,AGO,19,1
2009,BDI,14,12
2009,BDI,18,30
2009,BDI,19,31
2009,BEN,14,1
2009,BEN,18,1
2009,BFA,14,1
2009,BWA,14,1
2009,BWA,19,1
2009,CAF,14,1
2009,CAF,18,51
2009,CAF,19,44
2009,CIV,14,3
2009,CIV,18,1
2009,CIV,19,1
2009,CMR,14,3
2009,CMR,18,9
2009,CMR,19,5
2009,COD,14,8
2009,COD,18,326
2009,COD,19,299
2009,COG,14,2
2009,COG,18,3
2009,COG,19,2
2009,DJI,19,6
2009,DZA,14,29
2009,DZA,18,6
2009,DZA,19,173
2009,EGY,14,27
2009,EGY,18,14
2009,EGY,19,8
2009,ERI,18,7
2009,ETH,14,3
2009,ETH,18,11
2009,ETH,19,83
2009,GAB,14,4
2009,GAB,18,1
2009,GHA,14,4
2009,GHA,18,9
2009,GHA,19,4
2009,GIN,14,13
2009,GIN,18,19
2009,GIN,19,6
2009,GMB,18,3
2009,GMB,19,1
2009,GNB,18,7
2009,GNB,19,1
2009,GNQ,18,1
2009,GNQ,19,4
2009,KEN,14,46
2009,KEN,18,45
2009,KEN,19,45
2009,LBR,14,3
2009,LBR,18,2
2009,LBR,19,3
2009,LBY,14,3
2009,LBY,18,2
2009,LSO,18,1
2009,LSO,19,1
2009,MAR,14,5
2009,MAR,18,1
2009,MDG,14,81
2009,MDG,18,14
2009,MDG,19,6
2009,MLI,14,1
2009,MLI,18,2
2009,MLI,19,7
2009,MOZ,14,19
2009,MOZ,18,24
2009,MOZ,19,3
2009,MRT,14,5
2009,MRT,18,3
2009,MRT,19,2
2009,MWI,14,2
2009,MWI,18,2
2009,NAM,14,8
2009,NAM,19,1
2009,NER,14,10
2009,NER,18,4
2009,NER,19,2
2009,NGA,14,45
2009,NGA,18,62
2009,NGA,19,94
2009,RWA,14,4
2009,RWA,18,1
2009,RWA,19,11
2009,SDN,14,17
2009,SDN,18,171
2009,SDN,19,148
2009,SEN,14,2
2009,SEN,18,8
2009,SEN,19,11
2009,SLE,14,14
2009,SLE,18,3
2009,SLE,19,8
2009,SOM,14,52
2009,SOM,18,129
2009,SOM,19,399
2009,SWZ,18,1
2009,TCD,14,1
2009,TCD,18,10
2009,TCD,19,12
2009,TGO,14,3
2009,TGO,19,1
2009,TUN,14,1
2009,TZA,14,5
2009,TZA,18,4
2009,UGA,14,55
2009,UGA,18,26
2009,UGA,19,33
2009,ZAF,14,341
2009,ZAF,18,21
2009,ZAF,19,1
2009,ZMB,14,40
2009,ZMB,18,7
2009,ZWE,14,52
2009,ZWE,18,123
2009,ZWE,19,7
2010,AGO,18,6
2010,AGO,19,2
2010,BDI,14,6
2010,BDI,18,41
2010,BDI,19,54
2010,BEN,14,9
2010,BFA,14,4
2010,BGD,14,1714
2010,BGD,18,424
2010,BGD,19,400
2010,BWA,14,1
2010,CAF,14,5
2010,CAF,18,107
2010,CAF,19,46
2010,CIV,14,81
2010,CIV,18,27
2010,CIV,19,15
2010,CMR,14,4
2010,CMR,18,7
2010,CMR,19,3
2010,COD,14,11
2010,COD,18,204
2010,COD,19,80
2010,DJI,14,2
2010,DJI,18,1
2010,DJI,19,7
2010,DZA,14,18
2010,DZA,18,8
2010,DZA,19,97
2010,EGY,14,70
2010,EGY,18,48
2010,EGY,19,2
2010,ERI,19,3
2010,ETH,14,5
2010,ETH,18,51
2010,ETH,19,125
2010,GAB,14,3
2010,GHA,14,7
2010,GHA,18,2
2010,GHA,19,4
2010,GIN,14,6
2010,GIN,18,7
2010,GIN,19,9
2010,GMB,18,1
2010,GMB,19,1
2010,GNB,14,1
2010,GNB,18,2
2010,GNQ,18,1
2010,KEN,14,65
2010,KEN,18,47
2010,KEN,19,39
2010,KHM,14,202
2010,KHM,18,24
2010,KHM,19,9
2010,LBR,14,5
2010,LBR,18,1
2010,LBR,19,4
2010,LBY,14,1
2010,LBY,18,3
2010,LBY,19,1
2010,LKA,14,226
2010,LKA,18,40
2010,LKA,19,19
2010,LSO,14,2
2010,LSO,18,1
2010,MAR,14,9
2010,MAR,18,2
2010,MAR,19,3
2010,MDG,14,8
2010,MDG,18,3
2010,MDG,19,6
2010,MLI,14,3
2010,MLI,18,4
2010,MLI,19,10
2010,MMR,14,49
2010,MMR,18,37
2010,MMR,19,110
2010,MOZ,14,12
2010,MOZ,18,4
2010,MOZ,19,7
2010,MRT,14,8
2010,MRT,18,1
2010,MRT,19,4
2010,MWI,14,3
2010,MWI,18,2
2010,NAM,14,9
2010,NAM,18,2
2010,NAM,19,1
2010,NER,14,3
2010,NER,18,4
2010,NER,19,3
2010,NGA,14,146
2010,NGA,18,165
2010,NGA,19,147
2010,NPL,14,437
2010,NPL,18,66
2010,NPL,19,27
2010,PAK,14,3883
2010,PAK,18,382
2010,PAK,19,1266
2010,RWA,14,2
2010,RWA,18,38
2010,RWA,19,11
2010,SDN,14,18
2010,SDN,18,106
2010,SDN,19,147
2010,SEN,14,11
2010,SEN,18,1
2010,SEN,19,11
2010,SLE,14,9
2010,SLE,18,2
2010,SOM,14,81
2010,SOM,18,150
2010,SOM,19,938
2010,SWZ,14,4
2010,SWZ,18,2
2010,SWZ,19,1
2010,TCD,18,3
2010,TCD,19,5
2010,TGO,14,18
2010,THA,14,222
2010,THA,18,176
2010,THA,19,603
2010,TUN,14,26
2010,TUN,18,2
2010,TZA,14,1
2010,TZA,18,3
2010,UGA,14,43
2010,UGA,18,49
2010,UGA,19,27
2010,VNM,14,12
2010,VNM,18,18
2010,VNM,19,1
2010,ZAF,14,280
2010,ZAF,18,17
2010,ZAF,19,2
2010,ZMB,14,9
2010,ZMB,18,7
2010,ZMB,19,1
2010,ZWE,14,24
2010,ZWE,18,122
2010,ZWE,19,5
2011,AGO,14,12
2011,AGO,18,6
2011,AGO,19,2
2011,BDI,14,2
2011,BDI,18,9
2011,BDI,19,16
2011,BEN,14,4
2011,BEN,18,2
2011,BEN,19,1
2011,BFA,14,120
2011,BFA,18,5
2011,BFA,19,4
2011,BGD,14,1546
2011,BGD,18,408
2011,BGD,19,327
2011,BWA,14,3
2011,CAF,14,11
2011,CAF,18,23
2011,CAF,19,28
2011,CIV,14,18
2011,CIV,18,106
2011,CIV,19,104
2011,CMR,14,2
2011,CMR,18,6
2011,CMR,19,4
2011,COD,14,107
2011,COD,18,355
2011,COD,19,271
2011,DJI,14,6
2011,DZA,14,214
2011,DZA,18,15
2011,DZA,19,124
2011,EGY,14,1309
2011,EGY,18,72
2011,EGY,19,72
2011,ERI,19,4
2011,ETH,14,3
2011,ETH,18,15
2011,ETH,19,61
2011,GAB,14,2
2011,GAB,19,1
2011,GHA,14,5
2011,GHA,18,1
2011,GHA,19,3
2011,GIN,14,4
2011,GIN,18,1
2011,GIN,19,4
2011,GMB,14,1
2011,GMB,18,1
2011,GNB,14,5
2011,GNB,19,1
2011,GNQ,14,1
2011,KEN,14,40
2011,KEN,18,47
2011,KEN,19,55
2011,KHM,14,177
2011,KHM,18,10
2011,KHM,19,34
2011,LAO,18,2
2011,LBR,14,13
2011,LBR,18,11
2011,LBR,19,5
2011,LBY,14,70
2011,LBY,18,55
2011,LBY,19,541
2011,LKA,14,212
2011,LKA,18,22
2011,LKA,19,17
2011,LSO,14,4
2011,MAR,14,193
2011,MAR,18,1
2011,MAR,19,2
2011,MDG,14,1
2011,MDG,19,2
2011,MLI,14,3
2011,MLI,18,8
2011,MLI,19,11
2011,MMR,14,38
2011,MMR,18,98
2011,MMR,19,335
2011,MOZ,14,10
2011,MOZ,18,2
2011,MOZ,19,2
2011,MRT,14,25
2011,MRT,19,5
2011,MWI,14,19
2011,MWI,18,4
2011,NAM,14,10
2011,NAM,18,5
2011,NAM,19,1
2011,NER,14,3
2011,NER,19,7
2011,NGA,14,69
2011,NGA,18,123
2011,NGA,19,143
2011,NPL,14,269
2011,NPL,18,24
2011,NPL,19,33
2011,PAK,14,2513
2011,PAK,18,305
2011,PAK,19,883
2011,RWA,18,36
2011,RWA,19,3
2011,SDN,14,48
2011,SDN,18,101
2011,SDN,19,168
2011,SEN,14,12
2011,SEN,18,5
2011,SEN,19,12
2011,SLE,14,3
2011,SLE,18,3
2011,SLE,19,2
2011,SOM,14,89
2011,SOM,18,217
2011,SOM,19,862
2011,SSD,14,1
2011,SSD,18,22
2011,SSD,19,31
2011,SWZ,14,8
2011,SWZ,18,3
2011,TCD,14,3
2011,TCD,18,3
2011,TGO,14,12
2011,TGO,19,1
2011,THA,14,105
2011,THA,18,179
2011,THA,19,533
2011,TUN,14,518
2011,TUN,18,32
2011,TUN,19,28
2011,TZA,14,23
2011,TZA,18,14
2011,TZA,19,9
2011,UGA,14,75
2011,UGA,18,41
2011,UGA,19,9
2011,VNM,14,27
2011,VNM,18,8
2011,VNM,19,1
2011,ZAF,14,277
2011,ZAF,18,17
2011,ZMB,14,24
2011,ZMB,18,7
2011,ZMB,19,2
2011,ZWE,14,32
2011,ZWE,18,182
2011,ZWE,19,11
2012,AGO,14,9
2012,AGO,18,4
2012,AGO,19,1
2012,BDI,14,1
2012,BDI,18,5
2012,BDI,19,7
2012,BEN,14,12
2012,BEN,18,1
2012,BFA,14,59
2012,BFA,18,4
2012,BFA,19,3
2012,BGD,14,1282
2012,BGD,18,340
2012,BGD,19,195
2012,CAF,14,16
2012,CAF,18,57
2012,CAF,19,45
2012,CIV,14,6
2012,CIV,18,30
2012,CIV,19,30
2012,CMR,14,8
2012,CMR,18,1
2012,CMR,19,2
2012,COD,14,92
2012,COD,18,379
2012,COD,19,370
2012,COG,14,4
2012,COG,18,1
2012,DJI,14,1
2012,DJI,19,1
2012,DZA,14,80
2012,DZA,18,8
2012,DZA,19,104
2012,EGY,14,298
2012,EGY,18,38
2012,EGY,19,62
2012,ERI,14,1
2012,ERI,18,1
2012,ERI,19,2
2012,ETH,14,35
2012,ETH,18,38
2012,ETH,19,80
2012,GAB,14,4
2012,GAB,18,2
2012,GHA,14,18
2012,GHA,18,13
2012,GHA,19,10
2012,GIN,14,22
2012,GIN,18,9
2012,GIN,19,2
2012,GMB,14,1
2012,GMB,18,3
2012,GMB,19,2
2012,GNB,14,3
2012,GNB,18,4
2012,GNB,19,2
2012,GNQ,19,1
2012,KEN,14,133
2012,KEN,18,99
2012,KEN,19,118
2012,KHM,14,194
2012,KHM,18,9
2012,KHM,19,6
2012,LAO,14,1
2012,LAO,18,2
2012,LAO,19,1
2012,LBR,14,11
2012,LBR,18,1
2012,LBR,19,1
2012,LBY,14,82
2012,LBY,18,51
2012,LBY,19,118
2012,LKA,14,211
2012,LKA,18,18
2012,LKA,19,13
2012,LSO,14,7
2012,LSO,18,12
2012,LSO,19,1
2012,MAR,14,78
2012,MAR,18,4
2012,MDG,14,42
2012,MDG,18,17
2012,MDG,19,23
2012,MLI,14,59
2012,MLI,18,63
2012,MLI,19,104
2012,MMR,14,281
2012,MMR,18,82
2012,MMR,19,373
2012,MOZ,14,11
2012,MOZ,18,14
2012,MOZ,19,5
2012,MRT,14,69
2012,MRT,18,4
2012,MWI,14,6
2012,MWI,18,2
2012,MWI,19,2
2012,NAM,14,108
2012,NAM,18,1
2012,NER,14,2
2012,NER,18,3
2012,NER,19,3
2012,NGA,14,205
2012,NGA,18,306
2012,NGA,19,363
2012,NPL,14,474
2012,NPL,18,20
2012,NPL,19,24
2012,PAK,14,4867
2012,PAK,18,611
2012,PAK,19,1421
2012,RWA,18,28
2012,RWA,19,10
2012,SDN,14,131
2012,SDN,18,184
2012,SDN,19,381
2012,SEN,14,34
2012,SEN,18,5
2012,SEN,19,14
2012,SLE,14,9
2012,SLE,18,2
2012,SLE,19,2
2012,SOM,14,99
2012,SOM,18,414
2012,SOM,19,1393
2012,SSD,14,17
2012,SSD,18,97
2012,SSD,19,97
2012,SWZ,14,39
2012,SWZ,18,8
2012,TCD,14,1
2012,TCD,18,5
2012,TCD,19,2
2012,TGO,14,15
2012,TGO,18,2
2012,THA,14,121
2012,THA,18,132
2012,THA,19,447
2012,TUN,14,269
2012,TUN,18,19
2012,TUN,19,20
2012,TZA,14,55
2012,TZA,18,27
2012,TZA,19,3
2012,UGA,14,86
2012,UGA,18,24
2012,UGA,19,7
2012,VNM,14,26
2012,VNM,18,10
2012,ZAF,14,907
2012,ZAF,18,117
2012,ZAF,19,27
2012,ZMB,14,46
2012,ZMB,18,9
2012,ZMB,19,1
2012,ZWE,14,64
2012,ZWE,18,110
2012,ZWE,19,7
2013,AGO,14,11
2013,AGO,18,7
2013,AGO,19,1
2013,BDI,14,2
2013,BDI,18,5
2013,BDI,19,4
2013,BEN,14,8
2013,BEN,18,1
2013,BFA,14,33
2013,BFA,18,3
2013,BFA,19,2
2013,BGD,14,2088
2013,BGD,18,398
2013,BGD,19,229
2013,BWA,14,1
2013,CAF,14,60
2013,CAF,18,247
2013,CAF,19,130
2013,CIV,14,42
2013,CIV,18,21
2013,CIV,19,30
2013,CMR,14,10
2013,CMR,18,10
2013,CMR,19,13
2013,COD,14,70
2013,COD,18,281
2013,COD,19,394
2013,COG,14,1
2013,COG,19,2
2013,DJI,14,6
2013,DJI,18,4
2013,DZA,14,131
2013,DZA,18,13
2013,DZA,19,107
2013,EGY,14,1811
2013,EGY,18,136
2013,EGY,19,367
2013,ERI,18,2
2013,ERI,19,2
2013,ETH,14,30
2013,ETH,18,20
2013,ETH,19,86
2013,GAB,14,17
2013,GAB,18,1
2013,GHA,14,26
2013,GHA,18,18
2013,GHA,19,8
2013,GIN,14,65
2013,GIN,18,6
2013,GIN,19,17
2013,GMB,14,1
2013,GNB,14,2
2013,GNB,18,1
2013,GNQ,14,1
2013,KEN,14,350
2013,KEN,18,182
2013,KEN,19,115
2013,KHM,14,211
2013,KHM,18,11
2013,KHM,19,4
2013,LAO,18,1
2013,LBR,14,56
2013,LBR,18,6
2013,LBR,19,1
2013,LBY,14,147
2013,LBY,18,109
2013,LBY,19,250
2013,LKA,14,220
2013,LKA,18,50
2013,LKA,19,7
2013,MAR,14,95
2013,MAR,18,14
2013,MDG,14,20
2013,MDG,18,17
2013,MDG,19,29
2013,MLI,14,37
2013,MLI,18,52
2013,MLI,19,175
2013,MMR,14,302
2013,MMR,18,54
2013,MMR,19,415
2013,MOZ,14,31
2013,MOZ,18,35
2013,MOZ,19,24
2013,MRT,14,53
2013,MRT,18,1
2013,MRT,19,1
2013,MWI,14,18
2013,MWI,18,3
2013,NAM,14,80
2013,NAM,18,5
2013,NER,14,13
2013,NER,18,2
2013,NER,19,7
2013,NGA,14,335
2013,NGA,18,360
2013,NGA,19,344
2013,NPL,14,549
2013,NPL,18,59
2013,NPL,19,28
2013,PAK,14,4293
2013,PAK,18,424
2013,PAK,19,1181
2013,RWA,14,5
2013,RWA,19,13
2013,SDN,14,157
2013,SDN,18,346
2013,SDN,19,473
2013,SEN,14,44
2013,SEN,18,5
2013,SEN,19,8
2013,SLE,14,5
2013,SLE,18,3
2013,SLE,19,1
2013,SOM,14,214
2013,SOM,18,660
2013,SOM,19,2087
2013,SSD,14,14
2013,SSD,18,232
2013,SSD,19,145
2013,SWZ,14,11
2013,SWZ,18,3
2013,TCD,14,1
2013,TCD,19,2
2013,TGO,14,37
2013,TGO,18,1
2013,TGO,19,3
2013,THA,14,325
2013,THA,18,141
2013,THA,19,527
2013,TUN,14,209
2013,TUN,18,20
2013,TUN,19,56
2013,TZA,14,40
2013,TZA,18,21
2013,TZA,19,8
2013,UGA,14,88
2013,UGA,18,15
2013,UGA,19,6
2013,VNM,14,13
2013,VNM,18,12
2013,ZAF,14,948
2013,ZAF,18,79
2013,ZAF,19,7
2013,ZMB,14,70
2013,ZMB,18,16
2013,ZMB,19,3
2013,ZWE,14,62
2013,ZWE,18,51
2013,ZWE,19,1
2014,AGO,14,6
2014,AGO,18,1
2014,BDI,14,16
2014,BDI,18,29
2014,BDI,19,22
2014,BEN,14,7
2014,BFA,14,101
2014,BFA,18,3
2014,BFA,19,13
2014,BGD,14,655
2014,BGD,18,252
2014,BGD,19,208
2014,BWA,14,4
2014,BWA,18,1
2014,CAF,14,150
2014,CAF,18,514
2014,CAF,19,288
2014,CIV,14,62
2014,CIV,18,15
2014,CIV,19,19
2014,CMR,14,10
2014,CMR,18,25
2014,CMR,19,76
2014,COD,14,205
2014,COD,18,350
2014,COD,19,377
2014,COG,14,6
2014,COG,18,8
2014,COG,19,1
2014,DJI,14,1
2014,DJI,18,8
2014,DJI,19,9
2014,DZA,14,175
2014,DZA,18,11
2014,DZA,19,83
2014,EGY,14,879
2014,EGY,18,99
2014,EGY,19,473
2014,ERI,14,2
2014,ERI,18,1
2014,ETH,14,79
2014,ETH,18,11
2014,ETH,19,35
2014,GAB,14,14
2014,GHA,14,33
2014,GHA,18,7
2014,GHA,19,5
2014,GIN,14,30
2014,GIN,18,2
2014,GIN,19,4
2014,GMB,14,4
2014,GMB,18,4
2014,GNB,18,2
2014,GNB,19,1
2014,GNQ,14,2
2014,KEN,14,284
2014,KEN,18,67
2014,KEN,19,105
2014,KHM,14,230
2014,KHM,18,20
2014,KHM,19,2
2014,LAO,14,1
2014,LBR,14,97
2014,LBR,18,13
2014,LBR,19,1
2014,LBY,14,231
2014,LBY,18,409
2014,LBY,19,907
2014,LKA,14,125
2014,LKA,18,28
2014,LKA,19,3
2014,LSO,19,3
2014,MAR,14,111
2014,MAR,18,19
2014,MAR,19,5
2014,MDG,14,56
2014,MDG,18,20
2014,MDG,19,42
2014,MLI,14,20
2014,MLI,18,19
2014,MLI,19,90
2014,MMR,14,465
2014,MMR,18,66
2014,MMR,19,351
2014,MOZ,14,44
2014,MOZ,18,31
2014,MOZ,19,58
2014,MRT,14,52
2014,MRT,18,2
2014,MWI,14,28
2014,MWI,18,7
2014,NAM,14,55
2014,NAM,18,7
2014,NAM,19,2
2014,NER,14,6
2014,NER,18,2
2014,NER,19,8
2014,NGA,14,617
2014,NGA,18,486
2014,NGA,19,380
2014,NPL,14,235
2014,NPL,18,7
2014,NPL,19,7
2014,PAK,14,2553
2014,PAK,18,360
2014,PAK,19,1260
2014,RWA,14,5
2014,RWA,19,4
2014,SDN,14,203
2014,SDN,18,629
2014,SDN,19,422
2014,SEN,14,112
2014,SEN,18,10
2014,SEN,19,3
2014,SLE,14,11
2014,SLE,18,4
2014,SLE,19,1
2014,SOM,14,212
2014,SOM,18,585
2014,SOM,19,2026
2014,SSD,14,69
2014,SSD,18,269
2014,SSD,19,579
2014,SWZ,14,8
2014,SWZ,19,1
2014,TCD,14,10
2014,TCD,18,5
2014,TCD,19,3
2014,TGO,14,13
2014,TGO,18,1
2014,THA,14,240
2014,THA,18,100
2014,THA,19,371
2014,TUN,14,193
2014,TUN,18,14
2014,TUN,19,88
2014,TZA,14,31
2014,TZA,18,13
2014,TZA,19,17
2014,UGA,14,45
2014,UGA,18,43
2014,UGA,19,14
2014,VNM,14,29
2014,VNM,18,12
2014,VNM,19,1
2014,ZAF,14,986
2014,ZAF,18,96
2014,ZAF,19,4
2014,ZMB,14,74
2014,ZMB,18,24
2014,ZMB,19,7
2014,ZWE,14,118
2014,ZWE,18,65
2014,ZWE,19,7
2015,AGO,14,7
2015,AGO,18,1
2015,AGO,19,3
2015,BDI,14,456
2015,BDI,18,529
2015,BDI,19,338
2015,BEN,14,5
2015,BEN,18,1
2015,BEN,19,2
2015,BFA,14,100
2015,BFA,18,4
2015,BFA,19,7
2015,BGD,14,1521
2015,BGD,18,183
2015,BGD,19,185
2015,BWA,14,2
2015,BWA,18,1
2015,CAF,14,90
2015,CAF,18,133
2015,CAF,19,99
2015,CIV,14,62
2015,CIV,18,3
2015,CIV,19,4
2015,CMR,14,18
2015,CMR,18,36
2015,CMR,19,68
2015,COD,14,219
2015,COD,18,251
2015,COD,19,298
2015,COG,14,24
2015,COG,18,3
2015,DJI,14,2
2015,DJI,18,4
2015,DJI,19,1
2015,DZA,14,278
2015,DZA,18,3
2015,DZA,19,63
2015,EGY,14,311
2015,EGY,18,179
2015,EGY,19,625
2015,ERI,19,5
2015,ETH,14,290
2015,ETH,18,16
2015,ETH,19,70
2015,GAB,14,18
2015,GAB,18,1
2015,GHA,14,63
2015,GHA,18,10
2015,GHA,19,10
2015,GIN,14,45
2015,GIN,18,5
2015,GIN,19,3
2015,GMB,14,16
2015,GMB,18,5
2015,GNB,14,1
2015,GNB,18,1
2015,GNQ,18,1
2015,IDN,14,479
2015,IDN,18,65
2015,IDN,19,38
2015,KEN,14,220
2015,KEN,18,39
2015,KEN,19,52
2015,KHM,14,133
2015,KHM,18,4
2015,KHM,19,1
2015,LAO,14,1
2015,LAO,18,1
2015,LAO,19,7
2015,LBR,14,60
2015,LBR,18,9
2015,LBY,14,198
2015,LBY,18,224
2015,LBY,19,906
2015,LKA,14,252
2015,LKA,18,13
2015,LKA,19,12
2015,LSO,14,2
2015,LSO,18,3
2015,LSO,19,1
2015,MAR,14,116
2015,MAR,18,7
2015,MAR,19,1
2015,MDG,14,65
2015,MDG,18,8
2015,MDG,19,23
2015,MLI,14,15
2015,MLI,18,30
2015,MLI,19,125
2015,MMR,14,332
2015,MMR,18,95
2015,MMR,19,713
2015,MOZ,14,21
2015,MOZ,18,5
2015,MOZ,19,13
2015,MRT,14,35
2015,MRT,18,2
2015,MRT,19,2
2015,MWI,14,46
2015,MWI,18,4
2015,MWI,19,2
2015,NAM,14,72
2015,NAM,19,2
2015,NER,14,13
2015,NER,18,14
2015,NER,19,39
2015,NGA,14,806
2015,NGA,18,396
2015,NGA,19,432
2015,NPL,14,736
2015,NPL,18,10
2015,NPL,19,8
2015,PAK,14,3459
2015,PAK,18,304
2015,PAK,19,1071
2015,RWA,14,23
2015,RWA,18,3
2015,RWA,19,1
2015,SAU,14,1
2015,SAU,18,3
2015,SAU,19,425
2015,SDN,14,159
2015,SDN,18,657
2015,SDN,19,501
2015,SEN,14,83
2015,SEN,18,2
2015,SEN,19,5
2015,SLE,14,22
2015,SLE,18,4
2015,SOM,14,209
2015,SOM,18,485
2015,SOM,19,1565
2015,SSD,14,48
2015,SSD,18,309
2015,SSD,19,487
2015,SWZ,14,3
2015,SWZ,18,5
2015,TCD,14,6
2015,TCD,18,7
2015,TCD,19,24
2015,TGO,14,16
2015,TGO,18,2
2015,THA,14,95
2015,THA,18,43
2015,THA,19,284
2015,TUN,14,367
2015,TUN,18,22
2015,TUN,19,51
2015,TZA,14,44
2015,TZA,18,6
2015,TZA,19,14
2015,UGA,14,153
2015,UGA,18,31
2015,UGA,19,14
2015,VNM,14,52
2015,VNM,18,30
2015,VNM,19,1
2015,YEM,14,284
2015,YEM,18,237
2015,YEM,19,7299
2015,ZAF,14,1396
2015,ZAF,18,101
2015,ZAF,19,13
2015,ZMB,14,69
2015,ZMB,18,27
2015,ZMB,19,8
2015,ZWE,14,157
2015,ZWE,18,97
2015,ZWE,19,4
2016,AGO,14,19
2016,AGO,18,10
2016,AGO,19,15
2016,BDI,14,121
2016,BDI,18,653
2016,BDI,19,183
2016,BEN,14,10
2016,BEN,18,3
2016,BEN,19,3
2016,BFA,14,76
2016,BFA,18,9
2016,BFA,19,15
2016,BGD,14,538
2016,BGD,18,140
2016,BGD,19,139
2016,BHR,14,2794
2016,BHR,18,3
2016,BHR,19,3
2016,BWA,14,4
2016,CAF,14,44
2016,CAF,18,129
2016,CAF,19,90
2016,CIV,14,49
2016,CIV,18,4
2016,CIV,19,12
2016,CMR,14,40
2016,CMR,18,91
2016,CMR,19,142
2016,COD,14,246
2016,COD,18,265
2016,COD,19,343
2016,COG,14,4
2016,COG,18,6
2016,COG,19,21
2016,DJI,14,1
2016,DJI,18,2
2016,DJI,19,2
2016,DZA,14,276
2016,DZA,18,5
2016,DZA,19,52
2016,EGY,14,260
2016,EGY,18,111
2016,EGY,19,337
2016,ERI,18,2
2016,ERI,19,4
2016,ETH,14,897
2016,ETH,18,132
2016,ETH,19,162
2016,GAB,14,20
2016,GAB,18,1
2016,GAB,19,1
2016,GHA,14,92
2016,GHA,18,11
2016,GHA,19,10
2016,GIN,14,37
2016,GIN,18,5
2016,GIN,19,3
2016,GMB,14,6
2016,GMB,18,2
2016,GMB,19,1
2016,GNB,14,3
2016,GNQ,14,1
2016,GNQ,18,2
2016,IDN,14,354
2016,IDN,18,44
2016,IDN,19,15
2016,IND,14,11773
2016,IND,18,486
2016,IND,19,924
2016,IRN,14,275
2016,IRN,18,7
2016,IRN,19,61
2016,IRQ,14,141
2016,IRQ,18,627
2016,IRQ,19,9081
2016,ISR,14,63
2016,ISR,18,13
2016,ISR,19,25
2016,JOR,14,50
2016,JOR,18,2
2016,JOR,19,11
2016,KEN,14,187
2016,KEN,18,36
2016,KEN,19,60
2016,KHM,14,201
2016,KHM,18,4
2016,KHM,19,1
2016,KWT,14,10
2016,KWT,19,1
2016,LAO,18,5
2016,LAO,19,3
2016,LBN,14,137
2016,LBN,18,21
2016,LBN,19,199
2016,LBR,14,51
2016,LBR,18,7
2016,LBR,19,3
2016,LBY,14,106
2016,LBY,18,158
2016,LBY,19,835
2016,LKA,14,425
2016,LKA,18,5
2016,LKA,19,2
2016,LSO,18,4
2016,MAR,14,106
2016,MAR,18,2
2016,MAR,19,2
2016,MDG,14,61
2016,MDG,18,12
2016,MDG,19,31
2016,MLI,14,15
2016,MLI,18,39
2016,MLI,19,103
2016,MMR,14,243
2016,MMR,18,134
2016,MMR,19,560
2016,MOZ,14,13
2016,MOZ,18,55
2016,MOZ,19,37
2016,MRT,14,21
2016,MRT,18,1
2016,MWI,14,57
2016,MWI,18,5
2016,NAM,14,43
2016,NAM,19,1
2016,NER,14,18
2016,NER,18,6
2016,NER,19,53
2016,NGA,14,671
2016,NGA,18,285
2016,NGA,19,412
2016,NPL,14,372
2016,NPL,18,7
2016,NPL,19,3
2016,PAK,14,3464
2016,PAK,18,154
2016,PAK,19,736
2016,PHL,14,188
2016,PHL,18,2406
2016,PHL,19,500
2016,PSE,14,464
2016,PSE,18,258
2016,PSE,19,178
2016,RWA,14,1
2016,RWA,18,1
2016,RWA,19,5
2016,SAU,14,9
2016,SAU,18,5
2016,SAU,19,654
2016,SDN,14,205
2016,SDN,18,550
2016,SDN,19,588
2016,SEN,14,45
2016,SEN,18,6
2016,SEN,19,3
2016,SLE,14,19
2016,SLE,18,2
2016,SLE,19,3
2016,SOM,14,214
2016,SOM,18,579
2016,SOM,19,1686
2016,SSD,14,53
2016,SSD,18,396
2016,SSD,19,479
2016,SWZ,14,6
2016,TCD,14,28
2016,TCD,18,4
2016,TCD,19,7
2016,TGO,14,7
2016,TGO,18,2
2016,TGO,19,1
2016,THA,14,66
2016,THA,18,66
2016,THA,19,332
2016,TUN,14,634
2016,TUN,18,12
2016,TUN,19,82
2016,TUR,14,2201
2016,TUR,18,102
2016,TUR,19,1600
2016,TZA,14,29
2016,TZA,18,7
2016,TZA,19,7
2016,UGA,14,146
2016,UGA,18,36
2016,UGA,19,29
2016,VNM,14,45
2016,VNM,18,18
2016,YEM,14,111
2016,YEM,18,188
2016,YEM,19,8559
2016,ZAF,14,1354
2016,ZAF,18,69
2016,ZAF,19,4
2016,ZMB,14,83
2016,ZMB,18,27
2016,ZMB,19,1
2016,ZWE,14,137
2016,ZWE,18,72
2016,ZWE,19,5
2017,AFG,14,135
2017,AFG,18,298
2017,AFG,19,12634
2017,AGO,14,44
2017,AGO,18,21
2017,AGO,19,19
2017,ARE,14,1
2017,BDI,14,168
2017,BDI,18,589
2017,BDI,19,68
2017,BEN,14,28
2017,BEN,18,3
2017,BEN,19,3
2017,BFA,14,95
2017,BFA,18,46
2017,BFA,19,40
2017,BGD,14,402
2017,BGD,18,65
2017,BGD,19,94
2017,BHR,14,3718
2017,BHR,18,7
2017,BHR,19,19
2017,BWA,14,4
2017,CAF,14,45
2017,CAF,18,167
2017,CAF,19,183
2017,CIV,14,78
2017,CIV,18,7
2017,CIV,19,18
2017,CMR,14,65
2017,CMR,18,109
2017,CMR,19,181
2017,COD,14,233
2017,COD,18,274
2017,COD,19,455
2017,COG,14,9
2017,COG,18,2
2017,COG,19,3
2017,DJI,14,3
2017,DJI,18,2
2017,DZA,14,457
2017,DZA,18,19
2017,DZA,19,60
2017,EGY,14,140
2017,EGY,18,59
2017,EGY,19,361
2017,ERI,14,4
2017,ERI,18,1
2017,ETH,14,196
2017,ETH,18,99
2017,ETH,19,178
2017,GAB,14,17
2017,GAB,18,2
2017,GHA,14,84
2017,GHA,18,19
2017,GHA,19,10
2017,GIN,14,62
2017,GIN,18,3
2017,GIN,19,3
2017,GMB,14,28
2017,GMB,18,1
2017,GMB,19,2
2017,GNB,14,13
2017,GNB,18,1
2017,GNQ,14,3
2017,GNQ,18,5
2017,IDN,14,224
2017,IDN,18,59
2017,IDN,19,16
2017,IND,14,12118
2017,IND,18,617
2017,IND,19,965
2017,IRN,14,575
2017,IRN,18,6
2017,IRN,19,31
2017,IRQ,14,55
2017,IRQ,18,329
2017,IRQ,19,4506
2017,ISR,14,241
2017,ISR,18,14
2017,ISR,19,33
2017,JOR,14,53
2017,JOR,18,1
2017,JOR,19,15
2017,KEN,14,607
2017,KEN,18,174
2017,KEN,19,125
2017,KHM,14,105
2017,KHM,18,3
2017,KWT,14,4
2017,LAO,14,3
2017,LAO,18,3
2017,LAO,19,2
2017,LBN,14,129
2017,LBN,18,20
2017,LBN,19,145
2017,LBR,14,46
2017,LBR,18,3
2017,LBR,19,4
2017,LBY,14,149
2017,LBY,18,154
2017,LBY,19,635
2017,LKA,14,383
2017,LKA,18,8
2017,LKA,19,2
2017,LSO,18,1
2017,LSO,19,1
2017,MAR,14,171
2017,MAR,18,3
2017,MAR,19,4
2017,MDG,14,52
2017,MDG,18,60
2017,MDG,19,58
2017,MLI,14,37
2017,MLI,18,130
2017,MLI,19,277
2017,MMR,14,212
2017,MMR,18,147
2017,MMR,19,563
2017,MOZ,14,55
2017,MOZ,18,27
2017,MOZ,19,13
2017,MRT,14,52
2017,MRT,18,1
2017,MRT,19,2
2017,MWI,14,48
2017,MWI,18,1
2017,NAM,14,25
2017,NAM,19,1
2017,NER,14,11
2017,NER,18,11
2017,NER,19,29
2017,NGA,14,723
2017,NGA,18,363
2017,NGA,19,500
2017,NPL,14,456
2017,NPL,18,21
2017,NPL,19,85
2017,PAK,14,3981
2017,PAK,18,118
2017,PAK,19,600
2017,PHL,14,377
2017,PHL,18,1628
2017,PHL,19,769
2017,PSE,14,940
2017,PSE,18,187
2017,PSE,19,136
2017,RWA,14,1
2017,RWA,18,4
2017,SAU,14,3
2017,SAU,18,12
2017,SAU,19,715
2017,SDN,14,181
2017,SDN,18,377
2017,SDN,19,180
2017,SEN,14,49
2017,SEN,18,1
2017,SEN,19,2
2017,SLE,14,20
2017,SLE,18,4
2017,SLE,19,2
2017,SOM,14,211
2017,SOM,18,707
2017,SOM,19,1851
2017,SSD,14,47
2017,SSD,18,431
2017,SSD,19,643
2017,SWZ,14,3
2017,SYR,14,216
2017,SYR,18,1286
2017,SYR,19,29325
2017,TCD,14,5
2017,TCD,18,8
2017,TCD,19,13
2017,TGO,14,50
2017,TGO,18,8
2017,TGO,19,1
2017,THA,14,73
2017,THA,18,40
2017,THA,19,206
2017,TUN,14,678
2017,TUN,18,15
2017,TUN,19,60
2017,TUR,14,360
2017,TUR,18,90
2017,TUR,19,790
2017,TZA,14,13
2017,TZA,18,19
2017,TZA,19,11
2017,UGA,14,138
2017,UGA,18,46
2017,UGA,19,22
2017,VNM,14,38
2017,VNM,18,18
2017,VNM,19,1
2017,YEM,14,137
2017,YEM,18,134
2017,YEM,19,8056
2017,ZAF,14,997
2017,ZAF,18,44
2017,ZAF,19,5
2017,ZMB,14,24
2017,ZMB,18,8
2017,ZWE,14,121
2017,ZWE,18,151
2017,ZWE,19,11
2018,AFG,14,225
2018,AFG,18,332
2018,AFG,19,13320
2018,AGO,14,40
2018,AGO,18,19
2018,AGO,19,5
2018,ALB,14,234
2018,ALB,18,1
2018,ALB,19,4
2018,ARE,14,1
2018,ARE,19,1
2018,ARM,14,379
2018,ARM,18,11
2018,ARM,19,1353
2018,AZE,14,64
2018,AZE,18,11
2018,AZE,19,8353
2018,BDI,14,144
2018,BDI,18,659
2018,BDI,19,93
2018,BEN,14,15
2018,BEN,18,13
2018,BEN,19,3
2018,BFA,14,115
2018,BFA,18,120
2018,BFA,19,100
2018,BGD,14,932
2018,BGD,18,198
2018,BGD,19,68
2018,BGR,14,375
2018,BHR,14,1619
2018,BHR,18,5
2018,BIH,14,228
2018,BIH,18,10
2018,BIH,19,17
2018,BLR,14,106
2018,BLR,18,7
2018,BWA,14,9
2018,CAF,14,47
2018,CAF,18,235
2018,CAF,19,220
2018,CIV,14,45
2018,CIV,18,12
2018,CIV,19,13
2018,CMR,14,40
2018,CMR,18,309
2018,CMR,19,281
2018,COD,14,255
2018,COD,18,703
2018,COD,19,662
2018,COG,14,6
2018,COG,18,6
2018,CYP,14,97
2018,CYP,18,2
2018,CYP,19,1
2018,DJI,14,1
2018,DZA,14,575
2018,DZA,18,27
2018,DZA,19,23
2018,EGY,14,82
2018,EGY,18,49
2018,EGY,19,332
2018,ERI,14,1
2018,ERI,18,2
2018,ETH,14,381
2018,ETH,18,265
2018,ETH,19,150
2018,GAB,14,23
2018,GAB,18,2
2018,GAB,19,1
2018,GEO,14,731
2018,GEO,18,20
2018,GEO,19,1
2018,GHA,14,62
2018,GHA,18,20
2018,GHA,19,16
2018,GIN,14,117
2018,GIN,18,16
2018,GIN,19,7
2018,GMB,14,9
2018,GMB,19,1
2018,GNB,14,9
2018,GNQ,18,4
2018,GNQ,19,2
2018,GRC,14,323
2018,GRC,18,22
2018,GRC,19,10
2018,HRV,14,167
2018,HRV,18,4
2018,HRV,19,7
2018,IDN,14,763
2018,IDN,18,67
2018,IDN,19,47
2018,IND,14,15163
2018,IND,18,989
2018,IND,19,1414
2018,IRN,14,2230
2018,IRN,18,13
2018,IRN,19,28
2018,IRQ,14,352
2018,IRQ,18,186
2018,IRQ,19,2669
2018,ISR,14,201
2018,ISR,18,14
2018,ISR,19,338
2018,JOR,14,70
2018,JOR,18,3
2018,JOR,19,5
2018,KAZ,14,165
2018,KAZ,18,9
2018,KAZ,19,4
2018,KEN,14,278
2018,KEN,18,118
2018,KEN,19,109
2018,KGZ,14,163
2018,KGZ,18,24
2018,KGZ,19,3
2018,KHM,14,69
2018,KHM,18,3
2018,KHM,19,1
2018,KWT,14,5
2018,LAO,14,1
2018,LAO,18,1
2018,LBN,14,133
2018,LBN,18,8
2018,LBN,19,43
2018,LBR,14,36
2018,LBR,18,1
2018,LBR,19,1
2018,LBY,14,131
2018,LBY,18,113
2018,LBY,19,475
2018,LKA,14,516
2018,LKA,18,37
2018,LKA,19,10
2018,LSO,14,1
2018,MAR,14,216
2018,MAR,18,11
2018,MAR,19,1
2018,MDA,14,180
2018,MDA,18,4
2018,MDG,14,48
2018,MDG,18,35
2018,MDG,19,30
2018,MKD,14,84
2018,MKD,18,1
2018,MKD,19,1
2018,MLI,14,75
2018,MLI,18,263
2018,MLI,19,316
2018,MMR,14,246
2018,MMR,18,126
2018,MMR,19,615
2018,MNE,14,79
2018,MNE,18,6
2018,MNE,19,15
2018,MOZ,14,31
2018,MOZ,18,73
2018,MOZ,19,18
2018,MRT,14,60
2018,MRT,18,1
2018,MRT,19,2
2018,MWI,14,43
2018,MWI,18,3
2018,MYS,14,167
2018,MYS,18,8
2018,MYS,19,5
2018,NAM,14,33
2018,NER,14,29
2018,NER,18,64
2018,NER,19,46
2018,NGA,14,640
2018,NGA,18,707
2018,NGA,19,572
2018,NPL,14,668
2018,NPL,18,22
2018,NPL,19,38
2018,OMN,14,3
2018,PAK,14,5693
2018,PAK,18,319
2018,PAK,19,504
2018,PHL,14,152
2018,PHL,18,976
2018,PHL,19,555
2018,PSE,14,1066
2018,PSE,18,204
2018,PSE,19,369
2018,ROM,14,554
2018,ROM,18,1
2018,RUS,14,1304
2018,RUS,18,168
2018,RUS,19,78
2018,RWA,14,5
2018,RWA,18,8
2018,RWA,19,4
2018,SAU,14,2
2018,SAU,18,3
2018,SAU,19,776
2018,SDN,14,206
2018,SDN,18,296
2018,SDN,19,183
2018,SEN,14,73
2018,SEN,18,7
2018,SEN,19,6
2018,SLE,14,48
2018,SLE,18,21
2018,SLE,19,4
2018,SOM,14,149
2018,SOM,18,610
2018,SOM,19,1872
2018,SRB,14,203
2018,SRB,18,10
2018,SRB,19,15
2018,SSD,14,27
2018,SSD,18,330
2018,SSD,19,455
2018,SWZ,14,7
2018,SYR,14,551
2018,SYR,18,1189
2018,SYR,19,17254
2018,TCD,14,15
2018,TCD,18,16
2018,TCD,19,39
2018,TGO,14,43
2018,TGO,18,1
2018,TGO,19,1
2018,THA,14,86
2018,THA,18,169
2018,THA,19,239
2018,TJK,14,10
2018,TJK,18,11
2018,TJK,19,1
2018,TKM,14,3
2018,TKM,18,2
2018,TKM,19,1
2018,TUN,14,632
2018,TUN,18,12
2018,TUN,19,42
2018,TUR,14,690
2018,TUR,18,84
2018,TUR,19,708
2018,TZA,14,18
2018,TZA,18,16
2018,TZA,19,6
2018,UGA,14,206
2018,UGA,18,101
2018,UGA,19,20
2018,UKR,14,1479
2018,UKR,18,143
2018,UKR,19,13161
2018,UZB,14,14
2018,UZB,18,12
2018,VNM,14,43
2018,VNM,18,8
2018,XKX,14,114
2018,XKX,18,14
2018,XKX,19,5
2018,YEM,14,382
2018,YEM,18,421
2018,YEM,19,10326
2018,ZAF,14,1015
2018,ZAF,18,35
2018,ZAF,19,7
2018,ZMB,14,39
2018,ZMB,18,14
2018,ZMB,19,1
2018,ZWE,14,161
2018,ZWE,18,153
2018,ZWE,19,11
2019,ABW,14,4
2019,AFG,14,62
2019,AFG,18,404
2019,AFG,19,13203
2019,AGO,14,47
2019,AGO,18,10
2019,AGO,19,2
2019,ALB,14,336
2019,ALB,18,4
2019,ALB,19,1
2019,ARE,14,1
2019,ARE,19,1
2019,ARG,14,1234
2019,ARG,18,26
2019,ARG,19,1
2019,ARM,14,323
2019,ARM,18,5
2019,ARM,19,1356
2019,ATG,14,8
2019,ATG,18,1
2019,AZE,14,61
2019,AZE,18,7
2019,AZE,19,4382
2019,BDI,14,95
2019,BDI,18,499
2019,BDI,19,106
2019,BEN,14,40
2019,BEN,18,8
2019,BEN,19,7
2019,BFA,14,163
2019,BFA,18,350
2019,BFA,19,265
2019,BGD,14,1337
2019,BGD,18,259
2019,BGD,19,106
2019,BGR,14,386
2019,BGR,18,4
2019,BHR,14,676
2019,BHS,14,6
2019,BHS,18,1
2019,BHS,19,1
2019,BIH,14,151
2019,BIH,18,15
2019,BIH,19,10
2019,BLR,14,170
2019,BLR,18,6
2019,BLZ,14,12
2019,BLZ,18,48
2019,BLZ,19,16
2019,BOL,14,611
2019,BOL,18,6
2019,BRA,14,3755
2019,BRA,18,2251
2019,BRA,19,4282
2019,BWA,14,12
2019,CAF,14,54
2019,CAF,18,105
2019,CAF,19,70
2019,CHL,14,2660
2019,CHL,18,74
2019,CHL,19,11
2019,CHN,14,2512
2019,CHN,18,423
2019,CHN,19,2
2019,CIV,14,190
2019,CIV,18,18
2019,CIV,19,12
2019,CMR,14,60
2019,CMR,18,410
2019,CMR,19,241
2019,COD,14,724
2019,COD,18,904
2019,COD,19,728
2019,COG,14,14
2019,COG,18,2
2019,COL,14,818
2019,COL,18,442
2019,COL,19,353
2019,CRI,14,256
2019,CRI,18,9
2019,CRI,19,4
2019,CUB,14,18
2019,CUB,18,6
2019,CUW,14,9
2019,CYM,14,1
2019,CYP,14,186
2019,CYP,18,4
2019,CYP,19,2
2019,DJI,14,8
2019,DJI,18,6
2019,DJI,19,1
2019,DMA,14,18
2019,DMA,18,1
2019,DOM,14,30
2019,DOM,18,10
2019,DZA,14,2091
2019,DZA,18,3
2019,DZA,19,8
2019,ECU,14,413
2019,ECU,18,6
2019,ECU,19,4
2019,EGY,14,163
2019,EGY,18,98
2019,EGY,19,437
2019,ETH,14,197
2019,ETH,18,53
2019,ETH,19,51
2019,GAB,14,38
2019,GAB,18,2
2019,GAB,19,2
2019,GEO,14,860
2019,GEO,18,12
2019,GEO,19,3
2019,GHA,14,125
2019,GHA,18,29
2019,GHA,19,27
2019,GIN,14,184
2019,GIN,18,15
2019,GIN,19,5
2019,GLP,14,10
2019,GMB,14,11
2019,GMB,18,1
2019,GMB,19,3
2019,GNB,14,10
2019,GNQ,14,1
2019,GNQ,18,2
2019,GRC,14,752
2019,GRC,18,44
2019,GRC,19,15
2019,GRD,14,1
2019,GTM,14,382
2019,GTM,18,489
2019,GTM,19,549
2019,GUY,14,51
2019,GUY,18,2
2019,HND,14,554
2019,HND,18,491
2019,HND,19,111
2019,HRV,14,211
2019,HRV,18,10
2019,HRV,19,10
2019,HTI,14,354
2019,HTI,18,102
2019,HTI,19,66
2019,IDN,14,1109
2019,IDN,18,109
2019,IDN,19,56
2019,IND,14,21256
2019,IND,18,1101
2019,IND,19,1216
2019,IRN,14,2447
2019,IRN,18,11
2019,IRN,19,22
2019,IRQ,14,1087
2019,IRQ,18,191
2019,IRQ,19,2007
2019,ISR,14,231
2019,ISR,18,13
2019,ISR,19,229
2019,JAM,14,6
2019,JAM,18,115
2019,JAM,19,27
2019,JOR,14,220
2019,JOR,18,4
2019,JOR,19,5
2019,JPN,14,1814
2019,JPN,18,1
2019,KAZ,14,522
2019,KAZ,18,18
2019,KAZ,19,2
2019,KEN,14,206
2019,KEN,18,95
2019,KEN,19,43
2019,KGZ,14,244
2019,KGZ,18,17
2019,KGZ,19,6
2019,KHM,14,74
2019,KHM,18,13
2019,KHM,19,2
2019,KOR,14,3550
2019,KWT,14,22
2019,LAO,18,2
2019,LBN,14,2343
2019,LBN,18,19
2019,LBN,19,44
2019,LBR,14,70
2019,LBR,18,4
2019,LBY,14,139
2019,LBY,18,68
2019,LBY,19,1064
2019,LCA,14,2
2019,LCA,18,1
2019,LKA,14,807
2019,LKA,18,61
2019,LKA,19,23
2019,LSO,14,7
2019,LSO,18,2
2019,LSO,19,1
2019,MAF,14,6
2019,MAR,14,858
2019,MAR,18,5
2019,MAR,19,3
2019,MDA,14,182
2019,MDA,18,6
2019,MDA,19,1
2019,MDG,14,77
2019,MDG,18,105
2019,MDG,19,131
2019,MEX,14,5667
2019,MEX,18,5793
2019,MEX,19,1570
2019,MKD,14,183
2019,MKD,18,3
2019,MLI,14,150
2019,MLI,18,295
2019,MLI,19,291
2019,MMR,14,462
2019,MMR,18,240
2019,MMR,19,977
2019,MNE,14,125
2019,MNE,18,7
2019,MNE,19,9
2019,MNG,14,85
2019,MOZ,14,62
2019,MOZ,18,230
2019,MOZ,19,42
2019,MRT,14,125
2019,MRT,18,3
2019,MTQ,14,15
2019,MWI,14,107
2019,MWI,18,7
2019,MYS,14,162
2019,MYS,18,19
2019,MYS,19,2
2019,NAM,14,41
2019,NAM,18,3
2019,NAM,19,2
2019,NER,14,42
2019,NER,18,183
2019,NER,19,81
2019,NGA,14,805
2019,NGA,18,661
2019,NGA,19,635
2019,NIC,14,161
2019,NIC,18,59
2019,NIC,19,7
2019,NPL,14,929
2019,NPL,18,31
2019,NPL,19,34
2019,OMN,14,3
2019,PAK,14,6557
2019,PAK,18,395
2019,PAK,19,578
2019,PAN,14,374
2019,PAN,18,5
2019,PAN,19,1
2019,PER,14,717
2019,PER,18,21
2019,PER,19,10
2019,PHL,14,315
2019,PHL,18,966
2019,PHL,19,447
2019,PRI,14,62
2019,PRI,18,123
2019,PRI,19,25
2019,PRK,14,1
2019,PRK,18,2
2019,PRY,14,561
2019,PRY,18,14
2019,PRY,19,4
2019,PSE,14,1164
2019,PSE,18,364
2019,PSE,19,358
2019,QAT,14,4
2019,ROM,14,579
2019,ROM,18,3
2019,RUS,14,2029
2019,RUS,18,22
2019,RUS,19,23
2019,RWA,14,1
2019,RWA,18,7
2019,RWA,19,8
2019,SAU,14,2
2019,SAU,18,3
2019,SAU,19,248
2019,SDN,14,1173
2019,SDN,18,264
2019,SDN,19,109
2019,SEN,14,45
2019,SEN,18,2
2019,SEN,19,1
2019,SLE,14,24
2019,SLE,18,11
2019,SLE,19,4
2019,SLV,14,109
2019,SLV,18,369
2019,SLV,19,328
2019,SOM,14,97
2019,SOM,18,530
2019,SOM,19,1752
2019,SRB,14,1023
2019,SRB,18,16
2019,SRB,19,13
2019,SSD,14,32
2019,SSD,18,299
2019,SSD,19,207
2019,SUR,14,8
2019,SUR,18,4
2019,SWZ,14,26
2019,SWZ,18,2
2019,SXM,14,1
2019,SYR,14,357
2019,SYR,18,1179
2019,SYR,19,16757
2019,TCA,14,2
2019,TCD,14,60
2019,TCD,18,48
2019,TCD,19,69
2019,TGO,14,14
2019,TGO,18,4
2019,TGO,19,5
2019,THA,14,170
2019,THA,18,122
2019,THA,19,147
2019,TJK,14,15
2019,TJK,18,13
2019,TJK,19,3
2019,TKM,14,4
2019,TKM,18,5
2019,TKM,19,3
2019,TTO,14,19
2019,TTO,18,126
2019,TTO,19,28
2019,TUN,14,1394
2019,TUN,18,10
2019,TUN,19,43
2019,TUR,14,1965
2019,TUR,18,193
2019,TUR,19,625
2019,TWN,14,734
2019,TWN,18,1
2019,TZA,14,12
2019,TZA,18,20
2019,TZA,19,3
2019,UGA,14,237
2019,UGA,18,89
2019,UGA,19,25
2019,UKR,14,1557
2019,UKR,18,125
2019,UKR,19,14672
2019,URY,14,40
2019,URY,18,4
2019,UZB,14,48
2019,UZB,18,15
2019,VEN,14,2716
2019,VEN,18,411
2019,VEN,19,290
2019,VNM,14,36
2019,VNM,18,16
2019,VNM,19,2
2019,XKX,14,114
2019,XKX,18,13
2019,XKX,19,4
2019,YEM,14,418
2019,YEM,18,533
2019,YEM,19,9979
2019,ZAF,14,1500
2019,ZAF,18,53
2019,ZAF,19,7
2019,ZMB,14,19
2019,ZMB,18,12
2019,ZMB,19,3
2019,ZWE,14,97
2019,ZWE,18,66
2019,ZWE,19,5
